Employee_ID,Employee_Name,Age,Country,Department,Position,Salary,Joining_Date
4501,Ethan Hernandez,57,France,Finance,Assistant,72163.37,2024-01-30
4502,Sophia Brown,40,USA,Support,Executive,68032.64,2020-11-11
4503,Ava Taylor,31,Australia,Finance,Consultant,87596.22,2021-02-27
4504,Mia Brown,43,Brazil,Engineering,Consultant,143694.59,2020-02-08
4505,Lucas Thomas,23,India,Support,Analyst,109511.2,2024-08-21
4506,Lucas Anderson,38,Australia,Marketing,Assistant,139419.79,2019-08-09
4507,Daniel Wilson,58,Canada,Support,Consultant,70106.89,2015-11-15
4508,Daniel Jackson,34,UK,Support,Developer,58028.13,2019-09-03
4509,Lucas Thomas,23,Brazil,Support,Analyst,96180.54,2023-12-01
4510,Ethan Anderson,32,Australia,Finance,Analyst,108723.01,2018-12-24
4511,Ethan Davis,55,France,Engineering,Analyst,42374.74,2017-06-01
4512,Emma Thomas,47,UK,Sales,Analyst,124142.96,2018-06-22
4513,Logan Martinez,53,USA,Engineering,Consultant,124297.78,2021-11-15
4514,Mia Brown,60,Japan,Sales,Manager,53091.28,2020-01-03
4515,Ava Brown,25,Brazil,Sales,Manager,60412.68,2022-12-31
4516,Mia Taylor,39,Japan,Marketing,Assistant,115017.54,2024-04-02
4517,Ava Moore,29,Mexico,Engineering,Analyst,94175.17,2019-02-03
4518,Ava Brown,30,Australia,Marketing,Developer,114496.71,2024-05-25
4519,Lily Moore,38,USA,Sales,Analyst,98861.5,2019-08-09
4520,Emma Taylor,60,Mexico,HR,Assistant,105889.79,2017-04-01
4521,Daniel Hernandez,36,UK,HR,Assistant,93147.11,2019-08-29
4522,Ava Thomas,50,Germany,Sales,Executive,46783.36,2020-05-19
4523,Mason Brown,43,UK,Sales,Assistant,98747.27,2021-12-05
4524,Daniel Martinez,57,France,Support,Consultant,61879.96,2024-02-23
4525,Sophia Brown,43,Canada,Sales,Assistant,63695.79,2022-01-08
4526,Lily Jackson,56,Japan,Marketing,Executive,77026.66,2022-08-01
4527,Lucas Taylor,60,Canada,HR,Consultant,40363.04,2019-09-24
4528,Mia Hernandez,36,Mexico,Finance,Developer,48190.19,2023-01-11
4529,Mason Davis,53,India,Sales,Analyst,50340.58,2017-11-19
4530,Sophia Wilson,57,Brazil,Finance,Executive,146731.52,2024-12-28
4531,Daniel Thomas,30,USA,Engineering,Assistant,31150.5,2024-05-22
4532,Daniel Martinez,25,Brazil,HR,Consultant,60403.3,2015-06-20
4533,Ethan Martinez,35,Australia,Sales,Assistant,89180.65,2024-03-09
4534,Lucas Wilson,30,India,Support,Developer,75862.92,2024-01-10
4535,Logan Anderson,36,Mexico,Finance,Executive,129819.54,2024-05-09
4536,Mia Anderson,35,Mexico,Engineering,Assistant,67198.42,2018-12-22
4537,Emma Anderson,56,France,Engineering,Assistant,66834.07,2016-05-09
4538,Ava Anderson,31,USA,Marketing,Developer,97005.99,2022-11-21
4539,Mia Anderson,24,USA,Sales,Developer,69872.44,2019-07-10
4540,Lucas Hernandez,28,Canada,Support,Developer,37999.09,2018-03-06
4541,Ethan Brown,44,Canada,Finance,Manager,43819.82,2018-01-29
4542,Ava Moore,46,UK,Marketing,Consultant,60097.82,2016-07-15
4543,Lily Wilson,33,USA,Finance,Developer,131586.43,2022-09-19
4544,Logan Moore,43,USA,Finance,Analyst,102110.7,2020-07-10
4545,Lucas Hernandez,42,Brazil,Finance,Manager,53522.57,2018-07-25
4546,Lucas Jackson,29,Germany,Marketing,Manager,68030.25,2024-01-24
4547,Ethan Moore,25,Australia,Support,Executive,73438.91,2019-06-19
4548,Mia Hernandez,60,Australia,Sales,Analyst,53112.17,2020-08-21
4549,Ava Moore,31,France,Finance,Consultant,69552.35,2019-03-31
4550,Lily Moore,50,France,Finance,Analyst,114182.98,2018-03-23
4551,Ethan Moore,33,Japan,Marketing,Manager,48090.0,2021-05-04
4552,Ethan Hernandez,24,India,Finance,Analyst,80186.38,2015-08-03
4553,Mason Thomas,37,USA,Finance,Developer,125678.26,2020-04-14
4554,Mason Brown,58,UK,Support,Manager,136720.42,2018-07-20
4555,Ava Jackson,29,Brazil,Support,Manager,132408.42,2023-08-18
4556,Sophia Brown,47,Brazil,Sales,Assistant,128071.58,2024-11-09
4557,Lucas Anderson,44,India,Engineering,Analyst,114166.2,2025-02-13
4558,Mason Hernandez,38,USA,Support,Executive,62547.51,2015-08-03
4559,Mia Brown,42,Japan,Support,Assistant,140966.19,2015-12-04
4560,Mason Thomas,39,USA,HR,Assistant,100310.62,2023-06-14
4561,Lily Anderson,31,France,Finance,Developer,90076.28,2018-03-13
4562,Lily Martinez,32,UK,Marketing,Assistant,91753.87,2020-08-11
4563,Mia Anderson,23,Japan,Marketing,Assistant,106504.22,2022-03-05
4564,Sophia Jackson,39,Germany,Marketing,Executive,87016.63,2022-09-26
4565,Mia Hernandez,51,Australia,Support,Analyst,52965.09,2020-11-21
4566,Emma Moore,24,Mexico,Engineering,Consultant,53962.45,2021-10-04
4567,Lily Jackson,53,Australia,Support,Executive,69053.98,2019-01-08
4568,Emma Martinez,33,UK,Support,Manager,86266.88,2021-10-25
4569,Logan Moore,57,Brazil,Finance,Manager,107372.73,2018-04-28
4570,Lily Davis,51,UK,Marketing,Analyst,128338.82,2018-03-06
4571,Sophia Hernandez,41,Canada,Sales,Consultant,72799.63,2020-07-31
4572,Lily Wilson,26,Germany,Sales,Analyst,47942.28,2018-07-06
4573,Mason Wilson,41,Canada,Finance,Consultant,101678.6,2017-04-30
4574,Daniel Taylor,28,Canada,Sales,Analyst,36106.15,2023-04-29
4575,Mason Wilson,50,UK,Sales,Analyst,120635.4,2018-12-23
4576,Lucas Davis,58,France,Sales,Analyst,123481.95,2018-07-31
4577,Emma Hernandez,36,UK,Support,Executive,70035.1,2024-01-09
4578,Ava Martinez,59,Japan,Engineering,Executive,34639.2,2022-12-03
4579,Sophia Moore,25,UK,Engineering,Assistant,81578.21,2017-07-23
4580,Daniel Hernandez,54,Japan,Sales,Manager,63872.93,2022-01-09
4581,Daniel Taylor,32,France,Marketing,Assistant,41493.31,2017-01-21
4582,Mason Brown,27,France,HR,Assistant,88546.79,2019-07-25
4583,Lucas Wilson,32,UK,Marketing,Developer,93191.15,2016-05-23
4584,Lucas Jackson,46,France,Engineering,Analyst,77133.58,2021-07-27
4585,Lily Thomas,42,Canada,Sales,Developer,57628.68,2020-02-28
4586,Emma Moore,30,India,Support,Developer,101335.34,2022-02-05
4587,Emma Taylor,38,Canada,Marketing,Consultant,118191.11,2018-04-20
4588,Sophia Wilson,26,Brazil,Support,Analyst,55628.07,2018-09-20
4589,Mia Davis,33,Japan,HR,Developer,50308.99,2021-12-18
4590,Ava Martinez,47,Canada,Finance,Analyst,136275.88,2022-02-23
4591,Emma Taylor,45,Canada,HR,Consultant,82864.7,2024-06-27
4592,Sophia Thomas,50,Australia,HR,Manager,76906.59,2017-12-16
4593,Sophia Thomas,34,Mexico,HR,Consultant,112670.16,2016-03-23
4594,Ava Taylor,44,India,Finance,Consultant,66599.96,2022-08-13
4595,Lucas Anderson,23,UK,Marketing,Developer,143857.85,2024-03-25
4596,Daniel Martinez,45,UK,Marketing,Manager,134561.88,2020-05-29
4597,Ava Jackson,56,Australia,Sales,Manager,147988.99,2022-12-02
4598,Mason Jackson,39,France,Finance,Consultant,130405.04,2024-11-17
4599,Ethan Brown,30,France,HR,Developer,146531.22,2017-08-06
4600,Ava Thomas,49,Japan,HR,Executive,85043.2,2019-12-10
4601,Lily Jackson,56,UK,HR,Manager,131316.07,2016-05-04
4602,Lily Thomas,59,Mexico,Engineering,Consultant,149187.09,2015-05-28
4603,Ethan Moore,55,Japan,Finance,Assistant,56114.31,2017-08-10
4604,Mason Martinez,47,Brazil,Marketing,Executive,48357.85,2018-08-26
4605,Lucas Brown,36,Australia,Sales,Assistant,126570.73,2024-04-28
4606,Emma Moore,37,Germany,Support,Consultant,91803.41,2017-08-26
4607,Mia Brown,27,India,Marketing,Manager,102257.72,2024-08-19
4608,Mia Jackson,33,Germany,Marketing,Consultant,37124.78,2025-02-23
4609,Mia Brown,44,Japan,Engineering,Executive,148508.36,2017-01-31
4610,Emma Davis,38,Brazil,Engineering,Consultant,67888.91,2024-04-17
4611,Ava Jackson,27,USA,Sales,Manager,99989.24,2015-08-05
4612,Logan Taylor,60,Japan,Sales,Manager,145398.41,2017-01-04
4613,Ava Moore,33,India,Engineering,Executive,49593.5,2015-05-09
4614,Logan Taylor,25,Australia,Finance,Consultant,126935.45,2024-08-26
4615,Sophia Davis,37,India,HR,Analyst,135720.77,2017-10-20
4616,Lucas Brown,56,Germany,HR,Analyst,146215.54,2018-09-29
4617,Logan Moore,25,Canada,Sales,Manager,132544.51,2022-06-23
4618,Logan Jackson,45,Canada,Engineering,Consultant,124776.23,2022-01-03
4619,Daniel Taylor,50,Australia,Sales,Consultant,65873.09,2021-11-23
4620,Ethan Jackson,28,India,HR,Assistant,121614.97,2024-10-31
4621,Lucas Hernandez,36,Australia,HR,Manager,94085.39,2022-06-22
4622,Ethan Thomas,30,India,Finance,Developer,119036.18,2022-03-06
4623,Mason Thomas,36,Mexico,Support,Manager,96528.34,2018-12-13
4624,Daniel Taylor,45,Australia,Support,Analyst,69144.7,2023-03-18
4625,Ava Hernandez,41,France,Engineering,Developer,137806.99,2019-11-24
4626,Lucas Wilson,34,Australia,Finance,Developer,97924.17,2015-04-30
4627,Ava Jackson,53,Canada,HR,Consultant,71705.82,2023-06-25
4628,Ethan Jackson,27,Germany,Finance,Developer,46468.15,2020-06-07
4629,Mia Taylor,37,Brazil,Sales,Analyst,64495.29,2019-06-04
4630,Ethan Thomas,36,France,Sales,Consultant,97162.21,2024-09-10
4631,Logan Anderson,26,Germany,Sales,Analyst,39368.88,2018-10-25
4632,Lucas Hernandez,29,Japan,Marketing,Developer,147705.21,2015-08-23
4633,Lucas Thomas,36,India,Engineering,Analyst,80788.75,2018-03-04
4634,Mason Moore,26,India,Sales,Analyst,118460.11,2024-06-08
4635,Ethan Anderson,22,Brazil,HR,Manager,32715.19,2018-08-30
4636,Logan Martinez,22,Australia,Engineering,Assistant,145057.31,2019-11-07
4637,Daniel Brown,50,Mexico,Sales,Executive,63651.13,2020-11-02
4638,Lucas Jackson,24,India,HR,Analyst,134318.7,2023-07-08
4639,Lily Hernandez,30,USA,Support,Developer,148466.17,2018-12-24
4640,Mia Hernandez,36,USA,Marketing,Assistant,57102.04,2017-06-11
4641,Daniel Martinez,54,USA,Finance,Manager,71085.83,2023-05-31
4642,Sophia Davis,30,USA,HR,Manager,51707.87,2021-04-26
4643,Lily Thomas,30,Brazil,Finance,Assistant,38717.62,2024-07-03
4644,Sophia Anderson,46,Brazil,Finance,Analyst,116018.04,2019-08-07
4645,Ethan Thomas,29,Germany,Support,Developer,59876.54,2023-01-04
4646,Ethan Davis,39,France,Engineering,Analyst,62109.09,2023-09-17
4647,Ethan Wilson,26,USA,HR,Manager,41614.38,2016-06-08
4648,Ethan Moore,51,USA,Engineering,Executive,43153.27,2020-05-12
4649,Daniel Anderson,54,USA,Sales,Developer,82973.0,2019-11-19
4650,Logan Taylor,22,India,Sales,Consultant,94619.75,2019-12-03
4651,Sophia Hernandez,32,Canada,Engineering,Analyst,140843.35,2017-12-05
4652,Mason Brown,28,France,Finance,Developer,57258.74,2020-12-10
4653,Mia Hernandez,44,Brazil,HR,Manager,68492.55,2015-10-21
4654,Ava Wilson,58,Germany,Sales,Developer,68201.82,2019-06-25
4655,Mia Martinez,58,Australia,Finance,Executive,147052.74,2017-09-17
4656,Daniel Wilson,53,UK,Marketing,Assistant,149821.31,2017-01-08
4657,Sophia Jackson,35,India,Engineering,Assistant,46082.34,2019-04-19
4658,Emma Brown,43,France,Support,Manager,125978.85,2019-11-28
4659,Sophia Brown,38,France,Support,Consultant,47788.23,2023-08-12
4660,Ava Brown,32,France,Engineering,Analyst,94975.31,2019-01-20
4661,Ava Hernandez,40,UK,Engineering,Assistant,110061.24,2021-11-20
4662,Lily Moore,41,France,Engineering,Consultant,41870.99,2021-11-16
4663,Lily Jackson,41,France,Marketing,Developer,80302.37,2015-04-01
4664,Lucas Moore,52,India,Engineering,Assistant,129440.97,2019-09-11
4665,Logan Wilson,34,Germany,HR,Executive,118789.0,2017-05-12
4666,Logan Anderson,55,Australia,Support,Assistant,123274.4,2019-04-08
4667,Ava Anderson,37,Germany,Marketing,Consultant,105248.95,2016-04-02
4668,Daniel Taylor,41,Mexico,Sales,Analyst,116836.85,2015-06-15
4669,Daniel Thomas,50,USA,Marketing,Manager,71083.1,2018-02-25
4670,Lily Anderson,29,UK,Engineering,Manager,86747.64,2023-04-26
4671,Logan Taylor,47,Brazil,HR,Executive,122935.13,2017-09-30
4672,Ava Moore,54,Germany,Sales,Developer,73800.22,2020-03-29
4673,Daniel Moore,47,Brazil,Engineering,Executive,114211.68,2022-10-31
4674,Logan Brown,22,India,Sales,Assistant,110295.59,2023-10-30
4675,Daniel Taylor,49,USA,Sales,Executive,132533.8,2015-05-26
4676,Daniel Hernandez,59,Germany,Sales,Executive,112151.16,2018-03-05
4677,Ava Wilson,49,Brazil,Support,Assistant,145176.0,2022-02-23
4678,Daniel Wilson,32,Canada,Marketing,Consultant,140149.36,2024-06-23
4679,Sophia Jackson,22,India,HR,Analyst,81068.05,2023-05-16
4680,Emma Hernandez,29,Germany,Finance,Consultant,134740.9,2022-12-27
4681,Ethan Moore,36,India,Sales,Executive,49223.66,2018-10-20
4682,Ethan Martinez,57,France,Support,Developer,93786.68,2021-07-21
4683,Emma Anderson,26,Mexico,Finance,Developer,74286.5,2024-02-13
4684,Lily Brown,60,Australia,HR,Developer,30111.8,2021-02-04
4685,Lucas Jackson,41,Canada,Sales,Developer,136471.91,2021-08-30
4686,Sophia Brown,50,Mexico,Engineering,Assistant,61007.23,2020-01-24
4687,Lucas Taylor,44,Canada,Marketing,Executive,142078.0,2019-12-11
4688,Ava Hernandez,40,Canada,HR,Executive,56360.3,2018-02-17
4689,Lucas Taylor,48,Japan,Engineering,Consultant,132655.6,2015-08-14
4690,Mia Anderson,41,Germany,HR,Developer,61025.3,2023-06-07
4691,Mia Davis,46,Australia,Engineering,Developer,51105.93,2018-12-10
4692,Ethan Wilson,55,Mexico,Support,Executive,137772.79,2023-10-14
4693,Mason Brown,29,France,HR,Manager,68847.54,2022-07-08
4694,Sophia Moore,24,India,Sales,Consultant,131423.42,2023-11-18
4695,Ethan Anderson,55,Germany,HR,Developer,33792.03,2023-01-23
4696,Sophia Wilson,27,France,Support,Analyst,85259.19,2022-03-27
4697,Ava Wilson,39,Germany,Finance,Consultant,76901.78,2017-02-24
4698,Ethan Hernandez,50,Canada,Support,Assistant,84039.43,2016-12-07
4699,Daniel Thomas,46,Mexico,Sales,Developer,137624.18,2024-01-30
4700,Mia Moore,48,Canada,HR,Executive,104920.22,2022-09-16
4701,Logan Wilson,32,Germany,HR,Executive,72839.18,2017-08-07
4702,Ethan Thomas,23,Brazil,HR,Executive,60267.79,2018-11-04
4703,Ethan Taylor,47,Germany,Marketing,Consultant,113288.4,2018-09-10
4704,Mia Davis,40,Mexico,Finance,Executive,119597.35,2020-12-07
4705,Ethan Taylor,22,Canada,Support,Developer,54588.83,2024-01-29
4706,Mia Jackson,55,France,Finance,Analyst,88377.71,2019-06-26
4707,Ethan Davis,32,India,Sales,Developer,77502.01,2023-05-26
4708,Ava Hernandez,60,Canada,Support,Manager,122960.23,2022-12-10
4709,Lily Wilson,55,Mexico,Engineering,Developer,114294.35,2022-02-28
4710,Logan Jackson,60,Mexico,Sales,Executive,130175.58,2018-09-12
4711,Ethan Wilson,54,USA,Marketing,Executive,81971.09,2019-03-18
4712,Logan Taylor,55,USA,HR,Manager,79594.79,2024-01-16
4713,Daniel Thomas,30,India,Engineering,Analyst,136076.41,2018-05-29
4714,Mia Thomas,36,Germany,Sales,Executive,128984.22,2019-05-22
4715,Lucas Davis,52,Brazil,Sales,Assistant,45062.42,2017-03-01
4716,Ava Moore,49,Australia,Engineering,Manager,101552.21,2020-03-13
4717,Daniel Taylor,54,Australia,Marketing,Analyst,108305.21,2019-11-08
4718,Ethan Davis,43,India,Finance,Executive,54581.09,2018-10-04
4719,Sophia Jackson,39,Australia,Engineering,Developer,54448.47,2021-08-14
4720,Logan Taylor,24,USA,Marketing,Manager,88760.3,2023-11-15
4721,Ethan Hernandez,48,Canada,Support,Executive,90213.88,2016-10-21
4722,Ethan Davis,50,Mexico,Finance,Developer,63838.58,2018-01-22
4723,Ethan Thomas,57,India,Support,Manager,39867.24,2020-04-06
4724,Ava Wilson,46,Australia,Sales,Analyst,134751.1,2017-05-17
4725,Lucas Jackson,45,Brazil,Support,Manager,39336.61,2024-01-19
4726,Ethan Hernandez,55,Mexico,Finance,Executive,101383.14,2024-05-26
4727,Mia Moore,28,Australia,Support,Manager,76837.38,2019-12-09
4728,Ava Martinez,43,Mexico,Support,Assistant,127785.33,2025-01-24
4729,Daniel Taylor,25,Germany,HR,Developer,132148.35,2023-11-03
4730,Lily Davis,50,Australia,Engineering,Assistant,94398.34,2016-03-19
4731,Mia Brown,57,France,HR,Developer,88398.46,2020-03-09
4732,Emma Jackson,47,Japan,HR,Analyst,142543.96,2019-11-24
4733,Lily Brown,29,Japan,Sales,Executive,89515.3,2015-08-31
4734,Ethan Moore,34,UK,Marketing,Consultant,112289.28,2022-01-16
4735,Logan Hernandez,35,Japan,HR,Assistant,65198.43,2020-06-02
4736,Sophia Brown,30,Brazil,Sales,Manager,50543.23,2021-08-13
4737,Mia Anderson,40,India,HR,Manager,113270.67,2022-02-22
4738,Ava Brown,24,Mexico,Engineering,Analyst,106864.1,2017-03-18
4739,Logan Hernandez,39,Mexico,Support,Assistant,147532.22,2023-10-08
4740,Lucas Brown,33,Brazil,Finance,Executive,116766.19,2015-05-03
4741,Ava Martinez,29,Japan,Sales,Developer,86446.73,2020-03-30
4742,Mason Moore,48,France,Sales,Developer,136847.16,2023-04-20
4743,Daniel Hernandez,57,Brazil,HR,Consultant,145207.77,2024-08-14
4744,Lucas Davis,52,Canada,Sales,Executive,114413.94,2021-07-11
4745,Emma Anderson,47,UK,Marketing,Assistant,120745.1,2020-08-31
4746,Mia Brown,56,India,Finance,Analyst,127608.37,2024-07-25
4747,Lily Anderson,46,Canada,HR,Executive,73622.64,2020-07-26
4748,Lily Davis,31,Brazil,Engineering,Assistant,111203.81,2022-05-25
4749,Ava Anderson,60,Germany,Marketing,Consultant,146734.59,2020-11-28
4750,Daniel Davis,41,France,Support,Analyst,86627.16,2017-11-20
4751,Daniel Jackson,30,Canada,Engineering,Consultant,127601.87,2021-05-18
4752,Mia Wilson,44,India,Marketing,Consultant,46693.22,2016-02-03
4753,Logan Anderson,49,Germany,Marketing,Assistant,71660.13,2024-07-06
4754,Emma Martinez,28,Brazil,Marketing,Manager,73530.22,2019-10-27
4755,Ethan Thomas,32,USA,Support,Analyst,118758.12,2015-05-16
4756,Mason Taylor,46,Australia,Support,Assistant,82381.64,2016-12-17
4757,Emma Thomas,56,India,Engineering,Assistant,135941.61,2015-11-03
4758,Mia Taylor,55,Australia,Finance,Consultant,134915.71,2019-11-13
4759,Sophia Brown,29,Brazil,Sales,Executive,146906.07,2021-10-19
4760,Sophia Taylor,46,Brazil,Finance,Assistant,135302.04,2015-11-22
4761,Logan Taylor,36,Mexico,HR,Consultant,145180.27,2020-06-20
4762,Daniel Thomas,46,Canada,Support,Manager,65073.59,2020-11-26
4763,Daniel Wilson,33,Germany,Finance,Executive,113204.23,2017-03-26
4764,Lucas Wilson,51,Japan,Support,Analyst,98257.37,2018-10-29
4765,Daniel Thomas,49,Canada,HR,Assistant,113094.13,2019-09-21
4766,Mia Anderson,26,Germany,Sales,Analyst,37345.53,2016-01-11
4767,Mason Taylor,50,UK,HR,Consultant,111739.91,2019-07-20
4768,Mia Moore,29,Brazil,Engineering,Assistant,67946.53,2019-08-16
4769,Ethan Thomas,56,Japan,Support,Manager,116183.2,2021-05-10
4770,Daniel Moore,28,Germany,HR,Assistant,133731.58,2017-03-15
4771,Daniel Jackson,54,Mexico,Marketing,Developer,102141.22,2022-02-12
4772,Ava Martinez,60,Australia,Engineering,Analyst,55326.46,2022-08-24
4773,Ethan Anderson,35,Brazil,Marketing,Consultant,109909.42,2016-01-28
4774,Daniel Moore,57,UK,Sales,Manager,36200.41,2017-03-13
4775,Lily Wilson,43,India,HR,Executive,116284.95,2017-12-25
4776,Emma Moore,59,Australia,Support,Consultant,74573.15,2020-04-22
4777,Sophia Moore,42,Brazil,Sales,Manager,77026.95,2018-02-17
4778,Lily Thomas,30,Mexico,HR,Manager,52478.26,2016-01-13
4779,Sophia Taylor,23,Australia,HR,Consultant,59309.11,2021-04-12
4780,Sophia Brown,49,Japan,Sales,Consultant,35773.01,2017-11-14
4781,Lucas Jackson,45,Mexico,Sales,Consultant,62118.75,2017-01-26
4782,Mia Hernandez,50,Canada,Engineering,Assistant,117123.1,2017-12-18
4783,Emma Davis,58,UK,HR,Executive,93245.07,2020-03-31
4784,Ava Thomas,23,Japan,Engineering,Analyst,127034.58,2016-10-24
4785,Logan Brown,31,Germany,Marketing,Analyst,117756.05,2022-10-18
4786,Mia Taylor,30,Japan,Support,Assistant,145949.66,2016-08-04
4787,Mason Hernandez,55,Canada,Engineering,Developer,46231.22,2018-12-26
4788,Daniel Jackson,28,Mexico,Marketing,Manager,62980.65,2020-05-22
4789,Mia Wilson,43,Germany,Finance,Executive,30925.51,2019-08-21
4790,Lucas Hernandez,22,Canada,Marketing,Consultant,93973.33,2023-04-25
4791,Mason Brown,37,UK,Marketing,Manager,82595.28,2023-12-21
4792,Ava Taylor,50,India,Finance,Consultant,54437.77,2018-06-20
4793,Logan Brown,39,Mexico,Marketing,Manager,102951.52,2023-03-12
4794,Logan Brown,28,Germany,Engineering,Assistant,56988.03,2015-07-01
4795,Emma Hernandez,28,Germany,Finance,Analyst,106078.5,2020-01-16
4796,Emma Martinez,36,France,Sales,Consultant,115772.16,2021-09-16
4797,Ava Taylor,35,Germany,Support,Developer,127644.44,2022-09-25
4798,Logan Martinez,58,UK,HR,Analyst,103489.21,2022-03-27
4799,Daniel Taylor,35,Brazil,Finance,Developer,44289.15,2020-01-29
4800,Mia Martinez,55,France,Finance,Manager,98930.99,2016-02-01
4801,Logan Anderson,39,Mexico,Finance,Developer,64710.42,2019-01-17
4802,Lily Wilson,42,Germany,Finance,Executive,61825.09,2023-12-18
4803,Logan Taylor,24,UK,HR,Developer,106949.79,2024-07-04
4804,Emma Wilson,54,France,Sales,Assistant,82907.82,2021-11-29
4805,Emma Jackson,46,France,Finance,Analyst,82285.18,2016-07-07
4806,Ethan Taylor,53,France,Marketing,Executive,41225.69,2018-11-21
4807,Ava Taylor,58,USA,Finance,Manager,47514.99,2025-02-04
4808,Logan Taylor,60,Brazil,Finance,Assistant,95488.26,2019-05-17
4809,Daniel Anderson,38,USA,HR,Analyst,90392.69,2024-03-17
4810,Mason Anderson,51,UK,Sales,Consultant,98440.57,2019-06-15
4811,Daniel Wilson,45,USA,Sales,Consultant,63623.07,2020-02-14
4812,Ethan Thomas,45,France,Finance,Executive,97296.16,2021-01-10
4813,Mia Brown,22,Canada,Sales,Analyst,99392.06,2018-11-02
4814,Lily Anderson,60,India,Finance,Consultant,50677.93,2021-06-02
4815,Logan Wilson,37,Germany,Support,Developer,92153.06,2017-05-30
4816,Sophia Brown,50,Germany,Support,Consultant,103657.31,2017-10-02
4817,Mia Hernandez,46,France,Support,Developer,50255.21,2016-04-05
4818,Lucas Brown,32,Canada,Support,Manager,143427.19,2023-08-22
4819,Ethan Moore,37,Australia,Finance,Manager,38665.5,2021-02-20
4820,Ethan Martinez,45,Brazil,Engineering,Manager,140448.54,2022-06-08
4821,Lily Taylor,39,Canada,Marketing,Developer,54947.55,2024-03-29
4822,Lucas Davis,57,UK,HR,Consultant,54547.23,2021-03-19
4823,Mason Taylor,48,UK,HR,Assistant,100765.21,2017-04-14
4824,Daniel Jackson,30,UK,Marketing,Developer,69710.59,2015-05-11
4825,Mia Taylor,32,France,HR,Developer,36522.25,2020-03-04
4826,Mason Anderson,22,Australia,Marketing,Consultant,91422.7,2021-10-02
4827,Lily Brown,48,India,Support,Assistant,129433.28,2022-03-06
4828,Lily Taylor,36,India,Marketing,Consultant,72883.86,2022-08-26
4829,Lily Davis,53,France,Support,Consultant,36283.71,2024-07-31
4830,Ava Hernandez,31,Brazil,Engineering,Analyst,122064.65,2020-12-29
4831,Lily Martinez,40,India,Finance,Consultant,110824.22,2019-11-16
4832,Ethan Thomas,53,UK,Engineering,Manager,108342.45,2015-08-15
4833,Ava Thomas,38,France,HR,Executive,83793.21,2018-09-24
4834,Lily Wilson,59,Mexico,HR,Consultant,88744.26,2018-08-10
4835,Daniel Taylor,52,India,Sales,Developer,110256.9,2016-05-06
4836,Ava Anderson,29,Brazil,Support,Assistant,78128.86,2021-01-23
4837,Lily Martinez,29,Germany,HR,Executive,145517.48,2018-12-27
4838,Logan Thomas,45,USA,Finance,Analyst,47136.36,2021-02-11
4839,Daniel Hernandez,41,Canada,Support,Analyst,123909.02,2016-08-04
4840,Lucas Davis,29,France,Sales,Developer,113216.97,2024-05-23
4841,Lily Martinez,36,Japan,HR,Assistant,115787.15,2023-10-25
4842,Emma Moore,54,Brazil,Support,Executive,133006.45,2020-11-30
4843,Ava Anderson,35,Germany,Finance,Executive,129013.22,2023-05-27
4844,Ava Martinez,33,UK,Marketing,Executive,88066.82,2025-01-18
4845,Sophia Taylor,27,Germany,Support,Developer,33789.57,2020-04-11
4846,Sophia Martinez,55,Australia,Support,Executive,37262.08,2016-03-06
4847,Ava Hernandez,45,Canada,Finance,Assistant,77241.49,2023-03-11
4848,Mia Taylor,46,Canada,Support,Consultant,79139.23,2019-12-16
4849,Emma Davis,55,France,Engineering,Consultant,148621.78,2020-06-14
4850,Daniel Brown,49,Mexico,Engineering,Analyst,54990.68,2023-03-02
4851,Sophia Brown,23,USA,Finance,Developer,135396.31,2021-04-18
4852,Mason Jackson,30,USA,Finance,Manager,33923.77,2018-08-12
4853,Lucas Taylor,35,Japan,Support,Manager,94298.56,2021-12-07
4854,Logan Davis,27,Germany,Sales,Developer,72536.77,2021-04-02
4855,Mia Taylor,45,Australia,Support,Executive,104378.74,2024-12-01
4856,Sophia Wilson,40,Canada,Finance,Analyst,34657.9,2020-10-31
4857,Emma Thomas,34,Germany,Sales,Executive,71516.82,2020-07-22
4858,Lucas Martinez,44,USA,Finance,Developer,149016.56,2024-07-15
4859,Logan Davis,57,Brazil,Marketing,Assistant,78837.36,2024-10-25
4860,Ava Anderson,36,Japan,Sales,Consultant,136961.55,2017-08-02
4861,Ethan Anderson,46,Canada,Finance,Manager,56517.38,2019-03-17
4862,Lucas Moore,25,Canada,Support,Consultant,137409.51,2016-06-27
4863,Mason Taylor,53,UK,Support,Executive,83372.39,2021-03-17
4864,Mia Davis,43,France,HR,Executive,144867.56,2020-02-20
4865,Lucas Wilson,55,Australia,Finance,Assistant,113881.31,2018-09-03
4866,Sophia Hernandez,45,Brazil,Marketing,Consultant,74204.84,2024-08-31
4867,Ava Martinez,55,France,Sales,Consultant,100124.15,2021-02-02
4868,Ava Anderson,51,USA,Finance,Analyst,137056.45,2022-03-11
4869,Ava Wilson,22,Brazil,HR,Executive,135638.72,2019-08-25
4870,Emma Martinez,31,Japan,Sales,Analyst,93765.8,2019-10-02
4871,Ethan Moore,39,UK,Support,Developer,32095.65,2022-07-23
4872,Emma Jackson,39,Australia,Sales,Manager,37705.85,2024-09-12
4873,Ethan Davis,46,Australia,Marketing,Manager,45139.56,2019-07-12
4874,Mia Anderson,43,Canada,Engineering,Assistant,93375.56,2020-11-03
4875,Ava Thomas,52,USA,Support,Consultant,59086.07,2017-07-03
4876,Emma Anderson,48,Mexico,Engineering,Developer,105650.47,2021-10-03
4877,Logan Anderson,28,Australia,HR,Analyst,141186.84,2019-11-21
4878,Mia Wilson,52,USA,Marketing,Consultant,144801.4,2019-08-23
4879,Daniel Brown,38,Mexico,Marketing,Consultant,43937.17,2021-02-01
4880,Lucas Martinez,24,USA,Marketing,Consultant,127036.16,2024-09-29
4881,Mason Davis,57,UK,HR,Consultant,91030.17,2017-08-14
4882,Ethan Moore,28,Germany,Support,Consultant,117637.21,2017-09-26
4883,Mia Anderson,58,Australia,HR,Assistant,128207.58,2019-05-01
4884,Emma Jackson,33,UK,Support,Executive,113316.72,2022-06-23
4885,Ethan Brown,52,Mexico,Sales,Executive,86533.52,2015-11-01
4886,Ethan Moore,48,Japan,Engineering,Developer,98852.89,2016-06-12
4887,Mia Hernandez,22,Germany,Engineering,Analyst,137177.46,2022-03-15
4888,Mason Martinez,50,Brazil,Sales,Consultant,96736.38,2019-10-19
4889,Emma Davis,44,UK,Marketing,Developer,72498.16,2022-04-10
4890,Lucas Jackson,49,Canada,HR,Manager,138937.13,2020-08-29
4891,Mia Hernandez,30,Australia,Marketing,Executive,149399.05,2023-05-07
4892,Ethan Martinez,36,Japan,Finance,Executive,106282.84,2017-08-22
4893,Lucas Davis,42,Mexico,Sales,Assistant,144069.16,2016-05-12
4894,Ava Davis,46,USA,Finance,Analyst,52074.82,2016-11-05
4895,Lily Taylor,40,India,Marketing,Analyst,134117.9,2023-01-05
4896,Lucas Taylor,55,France,Finance,Manager,124079.73,2020-09-23
4897,Logan Jackson,39,Canada,Finance,Manager,111510.03,2017-06-13
4898,Logan Thomas,44,Japan,Sales,Developer,141949.95,2017-06-19
4899,Emma Hernandez,26,Canada,HR,Analyst,120093.67,2020-12-31
4900,Ava Jackson,58,France,Engineering,Manager,142283.9,2022-08-01
4901,Logan Moore,33,Canada,Support,Assistant,77050.37,2018-07-13
4902,Lucas Davis,41,Mexico,Engineering,Manager,140766.53,2024-04-28
4903,Logan Thomas,55,Brazil,Marketing,Executive,78362.04,2015-11-18
4904,Lily Jackson,23,Japan,HR,Developer,107961.5,2015-11-13
4905,Logan Jackson,46,Mexico,Sales,Manager,127981.71,2018-05-11
4906,Mia Hernandez,26,Germany,Support,Consultant,30260.15,2024-10-18
4907,Ethan Anderson,30,USA,Marketing,Assistant,53319.44,2015-07-05
4908,Mia Thomas,40,India,Sales,Manager,65069.95,2023-12-16
4909,Ethan Thomas,36,UK,Marketing,Assistant,128904.13,2019-12-04
4910,Lucas Davis,27,USA,HR,Assistant,98065.91,2017-06-03
4911,Lucas Taylor,54,Japan,Marketing,Executive,98477.92,2022-10-26
4912,Sophia Taylor,22,USA,HR,Assistant,61480.86,2024-08-13
4913,Ethan Brown,30,Canada,Marketing,Executive,109939.04,2015-12-14
4914,Lily Martinez,48,Mexico,Marketing,Assistant,49765.75,2015-05-11
4915,Lucas Moore,31,Brazil,Sales,Consultant,75165.92,2017-05-22
4916,Logan Davis,46,France,Engineering,Developer,97318.26,2017-02-06
4917,Mason Hernandez,58,France,Engineering,Consultant,67232.27,2020-05-24
4918,Mia Davis,60,Canada,Engineering,Consultant,101988.24,2021-06-02
4919,Lucas Martinez,55,Brazil,Sales,Executive,137860.98,2020-07-04
4920,Lily Davis,52,Japan,Finance,Consultant,106423.16,2016-11-18
4921,Daniel Moore,44,UK,HR,Analyst,130236.53,2022-04-06
4922,Sophia Hernandez,54,UK,Finance,Analyst,99312.91,2024-07-24
4923,Mason Anderson,37,UK,Sales,Developer,113678.65,2015-06-28
4924,Ava Martinez,57,Australia,HR,Executive,38019.36,2020-10-27
4925,Sophia Wilson,42,France,Sales,Developer,30915.51,2025-02-24
4926,Ava Martinez,44,Mexico,Support,Developer,63117.58,2022-12-19
4927,Lucas Anderson,30,Australia,HR,Assistant,114754.45,2019-04-08
4928,Lily Thomas,29,Germany,Support,Analyst,143156.38,2016-08-18
4929,Sophia Wilson,25,Australia,Sales,Executive,140717.63,2020-05-06
4930,Mia Hernandez,23,Australia,HR,Assistant,36565.13,2020-03-30
4931,Daniel Thomas,25,Germany,Sales,Developer,144346.72,2019-02-14
4932,Ava Davis,35,UK,Marketing,Consultant,57566.7,2020-02-29
4933,Lily Wilson,41,Australia,Engineering,Consultant,103298.97,2019-06-11
4934,Mason Martinez,40,Mexico,Engineering,Consultant,126224.34,2020-07-24
4935,Ethan Martinez,37,Brazil,HR,Assistant,148899.19,2015-07-07
4936,Ethan Brown,31,Canada,Engineering,Developer,108131.67,2021-04-07
4937,Daniel Martinez,44,Japan,Sales,Manager,98640.21,2020-01-05
4938,Sophia Davis,55,India,Marketing,Assistant,69390.66,2019-06-13
4939,Logan Hernandez,59,France,Support,Assistant,115557.88,2019-06-21
4940,Logan Taylor,48,Japan,Sales,Developer,67329.59,2019-05-05
4941,Sophia Hernandez,27,Australia,Engineering,Executive,63271.84,2024-10-22
4942,Sophia Brown,41,India,HR,Manager,42132.79,2020-01-08
4943,Mia Thomas,47,Brazil,Engineering,Manager,36578.72,2024-01-15
4944,Ethan Anderson,48,USA,Engineering,Executive,49071.09,2015-06-24
4945,Ava Jackson,59,Brazil,Sales,Manager,50631.01,2021-06-25
4946,Daniel Moore,34,Mexico,Support,Manager,64757.06,2017-11-15
4947,Daniel Thomas,28,Australia,Sales,Manager,120702.28,2022-01-28
4948,Logan Taylor,60,Germany,Engineering,Executive,121494.47,2019-03-08
4949,Sophia Anderson,44,Germany,Engineering,Executive,115896.4,2017-02-18
4950,Mason Moore,26,UK,Engineering,Assistant,62248.27,2016-07-18
4951,Lily Thomas,53,Mexico,HR,Developer,81395.07,2017-10-15
4952,Mia Anderson,56,USA,Support,Assistant,88591.15,2020-02-13
4953,Ava Anderson,58,UK,Finance,Manager,64726.06,2024-08-26
4954,Daniel Anderson,40,Germany,Engineering,Assistant,87592.29,2024-06-10
4955,Ethan Moore,56,USA,Engineering,Consultant,46710.11,2023-11-09
4956,Emma Davis,35,Australia,HR,Analyst,41215.54,2017-11-16
4957,Ava Moore,24,India,Sales,Analyst,97611.6,2023-12-26
4958,Lily Thomas,40,Canada,Engineering,Consultant,56248.0,2019-07-31
4959,Lucas Martinez,32,UK,Sales,Manager,123682.44,2016-01-22
4960,Ava Hernandez,39,UK,Finance,Developer,145295.57,2023-09-11
4961,Emma Brown,31,Mexico,Finance,Executive,97390.34,2020-07-23
4962,Ethan Jackson,46,Canada,Marketing,Consultant,102858.67,2022-09-20
4963,Mia Martinez,29,Canada,Sales,Manager,142328.62,2017-09-19
4964,Ethan Davis,44,Brazil,Sales,Manager,57298.85,2021-12-08
4965,Sophia Hernandez,23,Australia,Finance,Manager,96417.91,2016-02-22
4966,Sophia Hernandez,45,Australia,Finance,Executive,98740.53,2022-06-11
4967,Mason Brown,23,UK,Marketing,Assistant,53255.29,2024-03-05
4968,Daniel Martinez,24,Canada,Finance,Assistant,107331.45,2020-03-30
4969,Sophia Wilson,59,France,Engineering,Executive,87934.32,2023-11-27
4970,Ava Moore,28,Japan,Sales,Manager,45731.25,2016-10-03
4971,Sophia Martinez,29,India,HR,Executive,133803.17,2015-10-13
4972,Sophia Jackson,27,France,Sales,Manager,99050.42,2016-08-28
4973,Lily Hernandez,23,UK,Engineering,Executive,103680.12,2017-07-01
4974,Emma Davis,49,India,Marketing,Assistant,130894.66,2024-02-26
4975,Ava Taylor,40,Canada,Finance,Assistant,68022.24,2023-03-28
4976,Logan Moore,22,Australia,HR,Consultant,97017.85,2015-06-10
4977,Daniel Thomas,49,Mexico,HR,Assistant,32969.14,2020-12-13
4978,Sophia Wilson,30,Canada,Sales,Manager,36896.96,2015-08-28
4979,Ethan Martinez,39,Mexico,Engineering,Manager,38881.51,2018-12-29
4980,Logan Taylor,32,India,Marketing,Developer,100533.53,2015-07-04
4981,Lucas Jackson,58,Brazil,HR,Analyst,143871.94,2020-06-30
4982,Ethan Jackson,42,India,Support,Developer,124613.79,2023-08-11
4983,Sophia Hernandez,35,Mexico,Finance,Developer,56212.04,2015-08-29
4984,Daniel Hernandez,60,Brazil,Support,Developer,94496.19,2019-07-06
4985,Mia Martinez,60,Germany,Engineering,Assistant,64773.87,2017-12-01
4986,Daniel Anderson,30,Germany,Support,Assistant,98196.46,2024-09-10
4987,Mason Brown,43,Brazil,Sales,Assistant,73202.97,2016-04-29
4988,Mason Hernandez,32,Canada,HR,Analyst,62235.26,2015-10-30
4989,Logan Moore,58,Australia,Marketing,Manager,134297.88,2021-12-30
4990,Logan Brown,22,Japan,Engineering,Analyst,99598.57,2018-12-16
4991,Lily Wilson,35,France,Engineering,Manager,62538.55,2020-10-28
4992,Emma Hernandez,23,Brazil,Marketing,Executive,140773.68,2023-11-21
4993,Ethan Martinez,28,Australia,Finance,Analyst,96279.67,2021-02-27
4994,Mia Moore,28,India,HR,Consultant,112421.1,2022-06-04
4995,Sophia Anderson,32,Germany,Sales,Assistant,104148.7,2022-06-05
4996,Mia Taylor,43,USA,Finance,Developer,115536.12,2016-04-05
4997,Lily Martinez,48,Japan,Marketing,Assistant,129084.39,2020-01-23
4998,Sophia Taylor,52,India,HR,Analyst,79522.15,2015-10-26
4999,Lily Hernandez,22,Canada,Finance,Executive,118279.14,2020-02-05
5000,Ava Martinez,27,Mexico,Marketing,Consultant,123208.37,2018-09-16
5001,Ava Wilson,53,Japan,HR,Manager,41486.37,2024-11-12
5002,Mason Jackson,54,Brazil,Engineering,Consultant,90556.67,2018-09-26
5003,Lucas Brown,45,Germany,Support,Executive,99013.87,2021-02-26
5004,Sophia Brown,58,Australia,Support,Consultant,52559.1,2021-02-01
5005,Mason Taylor,60,UK,Finance,Consultant,86541.35,2016-01-01
5006,Lily Anderson,56,Australia,Sales,Assistant,43604.44,2022-05-27
5007,Lily Martinez,28,Canada,Engineering,Manager,62263.65,2019-04-22
5008,Daniel Martinez,28,Mexico,HR,Manager,106151.19,2018-01-24
5009,Logan Brown,45,Germany,HR,Assistant,36480.42,2016-10-18
5010,Daniel Moore,59,Japan,Marketing,Analyst,34492.85,2018-02-19
5011,Mason Thomas,25,Brazil,Sales,Manager,61607.07,2016-12-25
5012,Ethan Brown,39,Canada,Support,Executive,96002.0,2023-07-18
5013,Ava Moore,33,Brazil,Marketing,Consultant,108726.35,2018-03-29
5014,Ethan Martinez,23,USA,Marketing,Consultant,93453.92,2018-04-30
5015,Mason Taylor,36,Mexico,HR,Analyst,87809.74,2025-01-30
5016,Mia Moore,35,Australia,Finance,Executive,94176.76,2017-06-02
5017,Mia Anderson,26,France,Sales,Consultant,90706.07,2019-05-16
5018,Lucas Taylor,30,UK,Marketing,Consultant,78495.31,2020-06-02
5019,Mia Wilson,32,Germany,Support,Developer,65191.02,2020-01-04
5020,Logan Taylor,33,Mexico,Finance,Assistant,147351.84,2015-08-16
5021,Lucas Wilson,37,Brazil,Sales,Executive,74242.73,2020-08-28
5022,Lily Wilson,32,India,Marketing,Assistant,35506.03,2021-08-11
5023,Ava Wilson,60,Brazil,Sales,Assistant,64496.64,2023-04-06
5024,Lily Jackson,29,Germany,HR,Analyst,32616.52,2015-11-18
5025,Emma Hernandez,48,India,Engineering,Consultant,35147.22,2020-04-07
5026,Mia Wilson,28,France,HR,Consultant,81917.59,2022-07-25
5027,Sophia Jackson,52,Australia,Marketing,Analyst,69404.28,2018-01-29
5028,Ethan Anderson,33,Japan,Support,Consultant,110247.53,2022-02-12
5029,Lily Brown,57,Brazil,HR,Manager,53929.68,2015-04-14
5030,Lucas Brown,29,UK,Marketing,Executive,97161.68,2017-01-17
5031,Lucas Davis,51,Germany,Support,Manager,141542.81,2020-04-02
5032,Emma Davis,32,Mexico,Support,Developer,31198.3,2020-06-11
5033,Emma Moore,46,USA,Finance,Developer,37685.95,2017-08-20
5034,Ethan Davis,23,Brazil,Engineering,Assistant,119065.58,2018-10-03
5035,Logan Brown,53,USA,Finance,Consultant,35522.97,2024-09-23
5036,Ava Thomas,34,Japan,Marketing,Assistant,130210.97,2025-02-07
5037,Logan Davis,46,USA,Finance,Executive,33377.72,2022-02-22
5038,Mia Taylor,57,UK,Support,Consultant,117248.83,2016-01-09
5039,Lucas Brown,55,Brazil,Engineering,Consultant,32967.78,2021-10-09
5040,Daniel Thomas,58,USA,Marketing,Developer,40727.72,2016-05-06
5041,Lily Anderson,53,India,Engineering,Assistant,104761.8,2015-05-06
5042,Lucas Anderson,39,India,HR,Executive,108096.34,2021-10-18
5043,Mason Thomas,58,Mexico,Sales,Manager,149456.96,2019-09-29
5044,Ethan Hernandez,46,Canada,Support,Consultant,137377.78,2018-01-03
5045,Emma Thomas,45,Canada,Marketing,Executive,86377.99,2022-06-20
5046,Sophia Davis,36,UK,HR,Analyst,52327.06,2023-08-13
5047,Sophia Thomas,25,USA,HR,Manager,117244.72,2016-04-17
5048,Daniel Wilson,29,Australia,Support,Manager,130366.42,2024-03-16
5049,Sophia Wilson,47,USA,Marketing,Manager,32214.15,2015-08-03
5050,Ava Moore,55,India,Finance,Analyst,69812.59,2019-12-10
5051,Mason Thomas,30,India,Engineering,Assistant,45448.28,2021-07-17
5052,Logan Martinez,60,Mexico,HR,Assistant,38611.55,2017-09-24
5053,Mason Martinez,59,Germany,Engineering,Assistant,114845.42,2020-02-03
5054,Lucas Davis,52,India,Finance,Executive,102460.96,2024-07-25
5055,Mason Brown,34,India,Marketing,Consultant,56975.14,2021-07-02
5056,Mia Davis,53,Australia,Support,Assistant,100912.67,2024-04-06
5057,Lily Brown,46,UK,Support,Manager,74301.79,2020-09-30
5058,Emma Thomas,23,Australia,HR,Assistant,32437.67,2019-04-28
5059,Daniel Thomas,29,Mexico,Marketing,Manager,122805.11,2018-12-10
5060,Lily Brown,59,Canada,Engineering,Executive,119306.86,2017-02-26
5061,Lily Hernandez,43,Brazil,Support,Manager,47886.25,2017-05-25
5062,Ava Anderson,60,France,Marketing,Manager,96896.95,2019-10-05
5063,Logan Wilson,37,Japan,Engineering,Executive,119928.69,2024-03-03
5064,Mia Davis,26,USA,Support,Executive,138341.72,2018-07-13
5065,Mason Davis,60,UK,Support,Developer,30118.78,2019-05-27
5066,Emma Martinez,55,USA,Finance,Consultant,44168.64,2024-08-10
5067,Sophia Jackson,41,Canada,Finance,Executive,113529.01,2024-06-02
5068,Daniel Jackson,57,Germany,Finance,Analyst,134413.44,2016-10-28
5069,Logan Anderson,29,Canada,Marketing,Consultant,132874.35,2022-12-04
5070,Ava Davis,39,Australia,HR,Manager,62704.24,2017-09-17
5071,Ava Taylor,52,France,Support,Executive,40387.62,2020-03-01
5072,Sophia Thomas,39,Japan,Support,Developer,33352.43,2021-07-22
5073,Logan Thomas,37,USA,Finance,Developer,144103.66,2020-02-14
5074,Emma Anderson,33,Australia,Marketing,Executive,94102.61,2017-12-05
5075,Ava Brown,25,Germany,Support,Developer,72225.94,2022-12-01
5076,Mia Hernandez,42,Brazil,Sales,Consultant,61801.12,2024-05-11
5077,Sophia Martinez,34,Mexico,Marketing,Executive,115121.81,2017-02-11
5078,Sophia Davis,39,USA,HR,Developer,120535.48,2020-01-11
5079,Daniel Thomas,23,India,Engineering,Developer,84274.47,2021-02-26
5080,Daniel Thomas,51,UK,HR,Executive,130064.9,2022-04-27
5081,Lily Jackson,37,UK,HR,Assistant,62886.64,2021-09-18
5082,Mia Davis,58,Japan,Sales,Consultant,54950.18,2019-05-31
5083,Logan Wilson,52,UK,Engineering,Executive,119075.06,2023-03-13
5084,Lily Jackson,49,UK,Support,Executive,120566.49,2016-09-20
5085,Mia Moore,60,Mexico,Sales,Analyst,100979.3,2024-02-14
5086,Lucas Martinez,48,France,Sales,Assistant,144216.04,2020-01-20
5087,Emma Thomas,43,Australia,Finance,Consultant,41343.76,2024-01-04
5088,Daniel Anderson,33,UK,Engineering,Manager,93815.06,2016-01-08
5089,Ethan Moore,58,Japan,HR,Developer,143734.8,2019-03-29
5090,Mason Moore,53,Japan,Support,Manager,110278.13,2019-01-11
5091,Emma Taylor,59,India,Support,Assistant,148040.58,2023-07-05
5092,Ethan Thomas,29,Germany,Sales,Manager,91629.79,2024-03-16
5093,Mia Anderson,60,USA,Engineering,Assistant,38530.47,2022-02-16
5094,Emma Brown,22,India,Finance,Analyst,74662.13,2024-04-25
5095,Daniel Martinez,35,Japan,Engineering,Assistant,39979.17,2017-05-28
5096,Lucas Wilson,25,Australia,Finance,Assistant,47490.83,2022-12-21
5097,Lily Wilson,46,Brazil,HR,Analyst,85159.63,2022-12-25
5098,Mia Moore,37,Brazil,Support,Manager,122372.26,2022-10-20
5099,Emma Jackson,54,UK,Support,Consultant,58920.56,2025-03-05
5100,Lily Martinez,22,Canada,Sales,Manager,126473.62,2024-04-11
5101,Mia Thomas,34,USA,HR,Assistant,58397.41,2016-05-16
5102,Ethan Martinez,41,USA,Finance,Developer,114006.8,2017-01-22
5103,Emma Taylor,53,Germany,Engineering,Consultant,105679.2,2016-03-07
5104,Lucas Davis,37,Australia,Engineering,Manager,79069.09,2021-11-22
5105,Daniel Thomas,38,Mexico,HR,Assistant,100513.85,2020-01-14
5106,Mia Davis,23,Mexico,Support,Manager,61014.82,2019-12-24
5107,Emma Brown,41,Mexico,Support,Assistant,144133.07,2023-11-10
5108,Lily Taylor,30,Japan,Finance,Developer,83216.59,2023-04-29
5109,Emma Taylor,47,Mexico,Support,Manager,75569.58,2016-02-08
5110,Ava Martinez,55,Mexico,Marketing,Analyst,42626.85,2017-08-23
5111,Sophia Thomas,41,Canada,Engineering,Consultant,87220.09,2020-09-26
5112,Lily Thomas,55,Canada,HR,Assistant,145466.04,2022-12-07
5113,Sophia Hernandez,23,France,Finance,Manager,107129.42,2021-05-05
5114,Emma Brown,30,Australia,Engineering,Manager,127706.35,2019-06-07
5115,Mia Jackson,45,Japan,Marketing,Executive,48796.24,2015-06-21
5116,Ava Brown,28,Brazil,Engineering,Assistant,93238.92,2023-10-05
5117,Lucas Jackson,41,Brazil,HR,Analyst,77778.37,2015-09-02
5118,Sophia Davis,23,Canada,Sales,Analyst,62615.85,2020-10-11
5119,Mia Hernandez,41,Japan,Marketing,Executive,117654.51,2016-07-06
5120,Daniel Moore,22,Japan,Support,Analyst,40364.79,2015-08-12
5121,Mason Martinez,26,Canada,Engineering,Analyst,53819.13,2017-06-30
5122,Logan Taylor,43,Brazil,Sales,Executive,52621.37,2020-09-18
5123,Ethan Moore,52,USA,Finance,Manager,84651.17,2019-11-16
5124,Emma Martinez,23,Australia,Support,Assistant,116045.43,2024-02-06
5125,Ava Taylor,30,UK,Support,Analyst,90764.07,2015-12-21
5126,Emma Taylor,35,Germany,Engineering,Developer,137193.96,2021-03-15
5127,Logan Hernandez,60,India,Marketing,Analyst,122334.77,2023-08-14
5128,Lily Davis,31,France,Engineering,Executive,63960.36,2022-12-22
5129,Mason Davis,58,USA,Sales,Consultant,36237.01,2023-01-01
5130,Mason Thomas,60,Canada,Engineering,Analyst,41638.93,2024-08-16
5131,Emma Anderson,33,Japan,Marketing,Analyst,95843.47,2023-10-25
5132,Emma Brown,30,Brazil,Engineering,Consultant,97833.87,2018-10-05
5133,Mason Anderson,45,USA,Engineering,Manager,38970.09,2023-05-13
5134,Daniel Hernandez,25,UK,Support,Consultant,76499.55,2022-03-21
5135,Mason Wilson,53,Australia,Marketing,Executive,83792.07,2019-10-01
5136,Ava Wilson,56,Brazil,Marketing,Executive,149702.09,2015-05-19
5137,Daniel Anderson,29,Australia,Finance,Manager,113093.07,2018-08-06
5138,Ethan Jackson,24,France,Engineering,Assistant,97993.55,2020-07-16
5139,Lily Taylor,29,India,Engineering,Executive,92839.85,2023-07-24
5140,Emma Thomas,51,Brazil,HR,Analyst,59157.08,2017-03-01
5141,Ava Davis,58,Japan,Engineering,Analyst,61310.1,2023-10-10
5142,Ethan Jackson,25,Japan,Marketing,Executive,102613.6,2018-09-29
5143,Ava Taylor,59,Germany,Support,Analyst,77417.67,2016-11-27
5144,Lily Taylor,44,Australia,Support,Consultant,101256.21,2016-08-07
5145,Lily Moore,43,Australia,Support,Consultant,128725.54,2015-03-16
5146,Mia Davis,36,UK,Support,Analyst,142165.32,2024-09-06
5147,Lucas Jackson,30,UK,HR,Manager,119051.99,2015-09-17
5148,Mason Martinez,56,Germany,Engineering,Executive,137803.78,2020-09-13
5149,Mia Wilson,25,Canada,Support,Executive,131062.97,2021-01-04
5150,Emma Wilson,34,Australia,Sales,Manager,64192.69,2022-01-05
5151,Lucas Taylor,43,India,Marketing,Executive,52374.07,2015-06-10
5152,Mia Taylor,56,USA,Sales,Manager,47428.35,2017-04-08
5153,Emma Anderson,47,Brazil,HR,Executive,39422.37,2018-03-04
5154,Lily Taylor,45,Mexico,Finance,Manager,125606.01,2016-07-03
5155,Mason Brown,60,Mexico,Sales,Assistant,100831.79,2017-11-24
5156,Logan Brown,24,USA,Marketing,Manager,68615.2,2019-09-07
5157,Emma Hernandez,25,India,Sales,Developer,81640.38,2018-11-29
5158,Logan Thomas,24,Brazil,Marketing,Executive,119408.59,2024-01-04
5159,Lucas Moore,26,Australia,Finance,Assistant,122726.32,2025-03-07
5160,Mason Moore,22,Australia,Finance,Consultant,115165.68,2016-02-12
5161,Logan Moore,57,USA,Finance,Consultant,75985.6,2023-03-13
5162,Ava Anderson,53,Mexico,Sales,Analyst,69089.09,2020-09-16
5163,Daniel Davis,24,Canada,Support,Analyst,105835.0,2023-09-01
5164,Lily Davis,31,Australia,Finance,Manager,79001.89,2015-12-05
5165,Ethan Jackson,58,UK,Marketing,Consultant,127845.87,2020-10-31
5166,Sophia Brown,53,India,HR,Executive,70772.82,2016-05-26
5167,Mia Hernandez,39,Brazil,Finance,Assistant,81711.63,2016-04-10
5168,Mia Moore,24,Mexico,Marketing,Executive,142972.39,2018-08-24
5169,Lily Wilson,58,Brazil,Finance,Analyst,149482.88,2016-08-21
5170,Daniel Thomas,56,France,HR,Developer,75728.13,2021-08-15
5171,Lucas Taylor,44,Germany,Support,Developer,44814.77,2024-09-21
5172,Emma Taylor,32,Canada,Support,Consultant,56900.76,2015-10-09
5173,Logan Taylor,60,France,HR,Consultant,69312.53,2016-07-25
5174,Daniel Jackson,60,Australia,HR,Assistant,103609.71,2025-01-03
5175,Lucas Martinez,39,USA,Sales,Analyst,58208.44,2024-03-15
5176,Mason Davis,47,Canada,Marketing,Assistant,135086.89,2019-04-05
5177,Mia Taylor,47,UK,Support,Consultant,109083.89,2021-09-08
5178,Ava Hernandez,53,Mexico,Engineering,Developer,134793.76,2022-10-11
5179,Ava Thomas,53,UK,Support,Analyst,51964.05,2020-04-02
5180,Mason Anderson,45,Mexico,Sales,Executive,105968.26,2021-05-04
5181,Mia Wilson,26,India,HR,Developer,129662.6,2017-08-21
5182,Ethan Hernandez,29,Japan,Finance,Analyst,84052.68,2018-02-09
5183,Logan Wilson,26,India,Finance,Executive,86682.37,2015-04-11
5184,Emma Davis,50,Brazil,HR,Assistant,37699.17,2020-05-06
5185,Mia Martinez,38,Canada,Sales,Developer,50963.51,2016-01-03
5186,Lucas Anderson,39,USA,HR,Assistant,132806.85,2023-09-06
5187,Mia Taylor,24,Australia,Sales,Manager,139972.71,2016-01-01
5188,Daniel Davis,36,USA,Sales,Executive,135232.26,2022-04-12
5189,Ava Brown,34,Canada,HR,Developer,105846.99,2019-06-10
5190,Sophia Martinez,23,Canada,HR,Developer,55343.15,2017-01-21
5191,Mason Davis,27,USA,Engineering,Assistant,65993.29,2015-04-28
5192,Emma Taylor,29,USA,HR,Developer,138532.53,2021-02-17
5193,Mia Thomas,36,UK,HR,Executive,48233.94,2020-08-08
5194,Ava Moore,31,UK,Finance,Developer,133591.02,2023-01-21
5195,Mia Thomas,50,UK,Finance,Executive,75194.2,2016-06-17
5196,Ava Jackson,37,Canada,Marketing,Assistant,133329.32,2017-12-25
5197,Lily Thomas,50,Australia,Engineering,Analyst,37868.31,2019-06-28
5198,Sophia Thomas,55,Canada,Marketing,Analyst,62243.65,2022-07-25
5199,Mia Anderson,52,Germany,Finance,Assistant,115757.01,2019-04-30
5200,Daniel Martinez,49,Germany,Support,Consultant,49882.18,2016-12-02
5201,Lucas Jackson,46,Australia,HR,Manager,34587.97,2023-09-30
5202,Lily Anderson,22,UK,Marketing,Assistant,96133.16,2015-04-19
5203,Mason Hernandez,37,Canada,Marketing,Analyst,77001.65,2017-02-25
5204,Sophia Jackson,50,Australia,Sales,Executive,141602.62,2016-02-20
5205,Sophia Jackson,36,Germany,Sales,Assistant,35185.11,2021-10-07
5206,Ethan Hernandez,60,Australia,Engineering,Executive,31211.19,2017-08-28
5207,Sophia Moore,49,Australia,Engineering,Executive,71751.42,2023-11-28
5208,Ethan Wilson,43,Canada,Marketing,Executive,76582.38,2021-08-07
5209,Daniel Brown,59,Germany,Sales,Consultant,136853.93,2018-05-06
5210,Logan Taylor,33,France,Support,Analyst,119836.12,2021-04-11
5211,Emma Martinez,50,UK,Finance,Manager,66024.39,2023-06-13
5212,Sophia Brown,57,UK,Finance,Analyst,66278.26,2018-08-29
5213,Mia Wilson,23,Australia,Support,Developer,85877.02,2023-05-17
5214,Daniel Jackson,35,Mexico,Support,Consultant,131312.22,2022-05-10
5215,Mia Wilson,54,Australia,HR,Manager,107411.93,2017-09-10
5216,Lily Martinez,56,Japan,Finance,Executive,64035.71,2015-12-22
5217,Ava Martinez,55,Japan,Finance,Assistant,47220.88,2015-11-27
5218,Mason Hernandez,59,France,HR,Executive,105365.53,2019-03-26
5219,Ava Taylor,27,USA,HR,Assistant,143789.16,2018-05-02
5220,Mia Hernandez,26,Australia,Finance,Analyst,99249.7,2015-12-15
5221,Mason Brown,28,Japan,HR,Developer,132609.02,2016-09-22
5222,Ethan Martinez,37,USA,Sales,Assistant,91486.39,2018-10-05
5223,Mia Moore,42,Brazil,Engineering,Assistant,132843.97,2022-09-05
5224,Lucas Jackson,49,Germany,HR,Consultant,74776.68,2019-04-02
5225,Lucas Wilson,59,Canada,Marketing,Analyst,107297.97,2020-08-31
5226,Mia Davis,31,Mexico,HR,Consultant,63185.02,2019-03-03
5227,Mia Hernandez,27,India,Marketing,Developer,95019.92,2015-08-11
5228,Lily Jackson,27,Germany,HR,Assistant,41035.54,2021-11-07
5229,Daniel Brown,42,Germany,Engineering,Consultant,101384.71,2016-05-11
5230,Mia Thomas,34,Mexico,HR,Analyst,77402.57,2021-08-14
5231,Emma Taylor,53,UK,HR,Executive,70660.27,2016-11-21
5232,Lily Taylor,26,Japan,Sales,Consultant,47817.3,2015-09-07
5233,Sophia Brown,27,Germany,Marketing,Consultant,101545.8,2022-01-10
5234,Daniel Jackson,24,USA,Marketing,Assistant,149628.33,2016-03-11
5235,Mason Wilson,31,Brazil,HR,Analyst,30021.75,2018-09-09
5236,Lily Martinez,42,Germany,Finance,Analyst,138003.45,2021-01-09
5237,Lucas Brown,43,Australia,Finance,Executive,124532.35,2021-08-08
5238,Ethan Anderson,43,UK,Marketing,Executive,134346.34,2021-05-16
5239,Mason Taylor,56,USA,Sales,Developer,110661.34,2022-09-13
5240,Daniel Martinez,27,India,Marketing,Executive,109717.83,2018-03-14
5241,Mia Wilson,55,Mexico,Engineering,Executive,81192.45,2024-11-11
5242,Ethan Wilson,46,Canada,Marketing,Consultant,110984.13,2021-04-28
5243,Emma Moore,56,Canada,Finance,Developer,51310.78,2016-03-24
5244,Lily Hernandez,42,Japan,Finance,Developer,59571.91,2021-03-02
5245,Sophia Brown,48,Mexico,Marketing,Consultant,62908.09,2021-03-11
5246,Lily Jackson,42,Canada,Finance,Manager,119943.76,2024-08-25
5247,Emma Taylor,49,Japan,Sales,Executive,86691.09,2021-09-23
5248,Mason Anderson,28,India,Sales,Analyst,119811.29,2019-08-26
5249,Lily Moore,45,Japan,Support,Consultant,69393.51,2021-08-09
5250,Lucas Anderson,46,Japan,Engineering,Analyst,147656.35,2017-05-29
5251,Sophia Thomas,34,India,Marketing,Analyst,32848.97,2015-05-10
5252,Lily Martinez,53,Canada,Sales,Executive,91479.02,2019-03-03
5253,Ava Martinez,48,France,Marketing,Developer,54003.81,2017-08-24
5254,Logan Jackson,32,Australia,Engineering,Assistant,131079.74,2019-01-03
5255,Mia Jackson,58,France,HR,Developer,42282.93,2021-09-03
5256,Logan Moore,59,UK,Support,Executive,51410.67,2018-09-08
5257,Emma Brown,50,Brazil,Support,Executive,145725.35,2020-10-16
5258,Lily Brown,42,Japan,Sales,Analyst,94311.76,2020-10-01
5259,Ava Hernandez,43,Australia,HR,Consultant,140377.23,2024-06-03
5260,Daniel Wilson,24,Mexico,Finance,Manager,105487.59,2021-01-26
5261,Ethan Thomas,42,Germany,Finance,Developer,83959.86,2016-08-13
5262,Emma Taylor,35,Australia,Finance,Manager,106773.2,2018-12-29
5263,Lucas Wilson,42,Mexico,HR,Analyst,139156.75,2022-02-10
5264,Lily Thomas,55,France,Marketing,Consultant,57563.36,2016-02-26
5265,Ava Brown,59,Germany,Sales,Assistant,43652.06,2018-03-22
5266,Mason Davis,35,France,Engineering,Consultant,127361.99,2015-05-08
5267,Logan Martinez,42,France,Sales,Assistant,64471.26,2019-03-24
5268,Ava Martinez,27,Mexico,Sales,Consultant,85577.23,2023-12-13
5269,Ava Davis,50,India,Engineering,Manager,103331.0,2020-08-21
5270,Logan Thomas,49,Germany,Marketing,Developer,107069.21,2016-06-27
5271,Lucas Taylor,43,UK,HR,Developer,119192.37,2021-01-01
5272,Daniel Brown,22,USA,Finance,Executive,30323.98,2015-12-23
5273,Sophia Hernandez,44,USA,Marketing,Consultant,76591.07,2024-01-28
5274,Mia Brown,51,Canada,Finance,Executive,41887.45,2024-08-04
5275,Mason Jackson,24,Australia,Sales,Analyst,89092.21,2017-10-05
5276,Daniel Taylor,35,USA,Finance,Consultant,54097.8,2017-11-27
5277,Mason Thomas,43,Canada,Support,Analyst,142557.11,2020-07-23
5278,Ava Brown,31,UK,Finance,Manager,116058.44,2018-10-11
5279,Emma Brown,44,Mexico,Marketing,Consultant,109515.91,2016-10-08
5280,Mason Jackson,31,Canada,Engineering,Consultant,55633.39,2020-11-07
5281,Sophia Taylor,45,India,Finance,Consultant,80643.45,2020-06-09
5282,Lily Moore,54,Canada,Support,Consultant,125791.82,2015-04-28
5283,Emma Brown,36,Australia,Finance,Consultant,60435.22,2023-07-29
5284,Ava Davis,34,UK,Finance,Analyst,118591.17,2015-08-18
5285,Lily Anderson,50,Mexico,Sales,Manager,55602.42,2022-11-27
5286,Ava Anderson,43,USA,Finance,Consultant,96037.42,2023-04-12
5287,Lucas Moore,52,Brazil,Finance,Analyst,118311.74,2017-10-07
5288,Logan Davis,47,USA,Finance,Executive,99808.09,2017-11-29
5289,Mia Jackson,39,Australia,Finance,Executive,37289.58,2023-01-06
5290,Logan Martinez,54,Japan,Sales,Manager,43639.29,2025-02-28
5291,Logan Wilson,54,Japan,Sales,Manager,102276.41,2019-03-23
5292,Mason Martinez,59,India,Engineering,Consultant,117711.87,2018-11-26
5293,Daniel Anderson,29,Australia,Engineering,Executive,54990.3,2019-12-20
5294,Mia Brown,60,India,HR,Executive,139955.33,2015-03-14
5295,Sophia Thomas,37,Brazil,Support,Analyst,130799.73,2023-03-19
5296,Mia Taylor,47,Canada,Marketing,Developer,93089.51,2023-09-28
5297,Logan Wilson,24,UK,Engineering,Developer,128521.29,2023-08-01
5298,Lily Anderson,42,Mexico,Engineering,Consultant,33018.58,2019-08-30
5299,Mia Davis,55,USA,Marketing,Executive,75512.75,2016-02-27
5300,Mason Anderson,30,UK,Finance,Executive,138164.82,2018-11-08
5301,Logan Thomas,55,Australia,Support,Consultant,142194.92,2016-05-21
5302,Ava Martinez,28,Australia,Sales,Executive,40863.96,2023-07-29
5303,Ethan Taylor,34,UK,Marketing,Assistant,135645.45,2015-11-06
5304,Lucas Hernandez,22,Mexico,Marketing,Manager,134538.74,2019-03-29
5305,Mia Jackson,50,Mexico,Support,Manager,142908.79,2015-05-14
5306,Sophia Brown,57,Canada,Marketing,Manager,116919.15,2015-03-30
5307,Emma Wilson,22,Mexico,Support,Analyst,102653.81,2022-07-28
5308,Sophia Taylor,32,Mexico,Engineering,Assistant,56558.91,2019-01-28
5309,Ethan Thomas,25,USA,Support,Developer,106181.37,2023-07-15
5310,Emma Wilson,60,Mexico,HR,Developer,47542.89,2018-09-19
5311,Ava Moore,57,Germany,Marketing,Executive,33186.35,2024-08-21
5312,Logan Davis,22,Japan,Finance,Executive,54053.9,2022-04-26
5313,Ethan Hernandez,30,Brazil,Marketing,Manager,139433.31,2023-03-04
5314,Emma Moore,26,Germany,HR,Executive,90431.65,2016-05-12
5315,Logan Davis,58,Germany,Marketing,Developer,72303.99,2018-10-31
5316,Ava Jackson,47,Mexico,Finance,Manager,62468.9,2022-12-06
5317,Ethan Wilson,33,Japan,Finance,Manager,35657.84,2024-12-07
5318,Emma Wilson,59,Mexico,Support,Analyst,101135.91,2019-06-20
5319,Mia Hernandez,57,Australia,Sales,Executive,47564.02,2025-02-12
5320,Lucas Moore,32,Canada,HR,Manager,97049.25,2015-10-27
5321,Mia Martinez,36,Canada,Support,Manager,71537.12,2023-05-02
5322,Sophia Martinez,54,India,Engineering,Executive,135390.88,2023-12-11
5323,Logan Wilson,49,Brazil,Engineering,Analyst,78013.12,2018-11-03
5324,Daniel Moore,29,Australia,Sales,Executive,60579.31,2025-02-18
5325,Lily Thomas,55,Germany,Marketing,Analyst,38580.81,2017-02-07
5326,Lucas Martinez,30,USA,HR,Manager,83649.09,2017-11-23
5327,Lily Brown,51,Canada,Marketing,Analyst,95444.42,2018-03-10
5328,Sophia Hernandez,28,Brazil,Sales,Consultant,60893.26,2016-11-10
5329,Mia Brown,40,USA,HR,Analyst,124135.91,2017-10-20
5330,Mia Jackson,48,Mexico,Support,Manager,87151.69,2020-05-11
5331,Sophia Hernandez,55,France,Marketing,Developer,48542.54,2024-08-17
5332,Sophia Brown,22,Japan,Finance,Analyst,123253.19,2019-09-29
5333,Sophia Martinez,53,Brazil,Engineering,Manager,65114.8,2019-04-17
5334,Lily Anderson,23,UK,Marketing,Analyst,69074.64,2016-04-17
5335,Lily Martinez,58,France,Sales,Manager,127854.23,2023-12-01
5336,Sophia Anderson,35,Brazil,Engineering,Assistant,148738.51,2019-08-04
5337,Lily Brown,47,Mexico,Engineering,Executive,132293.57,2019-01-04
5338,Emma Moore,54,India,Engineering,Consultant,46473.03,2024-12-11
5339,Logan Davis,58,Japan,HR,Assistant,134765.0,2024-12-28
5340,Ethan Hernandez,60,France,Sales,Executive,57020.48,2015-05-26
5341,Lily Davis,38,Australia,Finance,Manager,92614.64,2015-10-07
5342,Ava Hernandez,56,Japan,Finance,Developer,85269.58,2022-08-01
5343,Ava Wilson,25,USA,Finance,Analyst,46645.14,2018-11-12
5344,Daniel Thomas,54,Canada,Finance,Analyst,57718.83,2022-02-24
5345,Mia Anderson,22,India,Marketing,Executive,67984.16,2019-10-20
5346,Mason Jackson,38,USA,Sales,Assistant,113918.43,2025-02-02
5347,Mason Taylor,29,Germany,Finance,Assistant,59522.9,2023-01-21
5348,Logan Martinez,52,India,Support,Consultant,60229.11,2021-05-30
5349,Sophia Moore,28,Mexico,Support,Developer,92381.86,2015-08-14
5350,Mia Jackson,53,Australia,Sales,Executive,102232.35,2020-12-16
5351,Sophia Taylor,47,USA,Sales,Manager,40337.74,2024-09-03
5352,Mia Taylor,45,USA,Sales,Developer,74924.45,2019-02-08
5353,Ava Wilson,36,Germany,HR,Executive,91150.43,2016-04-04
5354,Emma Anderson,60,Mexico,Support,Executive,132304.51,2020-10-21
5355,Mia Anderson,24,Brazil,Finance,Analyst,59626.57,2018-04-30
5356,Mia Anderson,57,Japan,Sales,Consultant,78006.68,2019-08-27
5357,Logan Hernandez,30,USA,Marketing,Developer,129332.8,2024-12-15
5358,Sophia Martinez,33,Germany,Engineering,Executive,119455.06,2022-12-01
5359,Lily Brown,59,UK,HR,Analyst,71944.75,2019-09-16
5360,Logan Anderson,49,USA,Finance,Manager,86332.09,2024-10-14
5361,Emma Anderson,54,UK,HR,Assistant,45538.88,2015-05-16
5362,Mia Hernandez,44,Brazil,Marketing,Manager,108988.8,2015-07-08
5363,Emma Wilson,42,Australia,HR,Executive,37747.86,2022-06-29
5364,Mia Jackson,53,Brazil,Engineering,Analyst,81990.64,2023-07-16
5365,Mason Davis,60,Canada,Support,Manager,31598.61,2018-04-02
5366,Lily Jackson,27,France,Engineering,Executive,124106.93,2016-06-14
5367,Mia Taylor,31,Australia,Support,Developer,64023.58,2019-09-29
5368,Emma Moore,32,UK,Sales,Consultant,123245.49,2022-10-26
5369,Sophia Martinez,59,India,Support,Developer,80125.34,2018-10-30
5370,Mia Martinez,35,France,Support,Manager,121662.39,2018-05-15
5371,Mason Thomas,37,USA,Support,Consultant,42546.54,2021-09-20
5372,Ava Thomas,49,India,Finance,Manager,41637.38,2021-09-02
5373,Mason Thomas,37,Japan,Sales,Analyst,118182.57,2016-04-16
5374,Lily Martinez,50,France,Sales,Executive,129052.9,2018-03-21
5375,Logan Martinez,34,Canada,Sales,Assistant,144015.83,2021-07-17
5376,Daniel Davis,32,Canada,Sales,Manager,59125.31,2023-01-29
5377,Logan Brown,44,Japan,Engineering,Analyst,145024.08,2017-03-31
5378,Emma Jackson,53,Brazil,Finance,Manager,38284.11,2024-07-20
5379,Ava Davis,37,India,HR,Consultant,73294.15,2023-11-12
5380,Ava Jackson,25,Japan,Finance,Consultant,73826.45,2021-01-10
5381,Ava Davis,55,India,HR,Consultant,54942.93,2022-11-28
5382,Mason Davis,53,France,Marketing,Assistant,102043.99,2021-05-18
5383,Ethan Wilson,24,Brazil,Finance,Manager,92276.53,2017-01-07
5384,Daniel Davis,40,Japan,Support,Assistant,67679.97,2017-02-10
5385,Daniel Hernandez,49,Brazil,Marketing,Manager,89987.3,2020-02-26
5386,Ethan Brown,58,Brazil,Sales,Developer,39305.59,2022-10-06
5387,Mia Jackson,45,Japan,Sales,Developer,74858.25,2016-11-12
5388,Lily Brown,26,Germany,Sales,Assistant,105754.99,2017-12-14
5389,Ava Brown,42,France,Engineering,Developer,133073.66,2015-11-05
5390,Logan Taylor,53,UK,Support,Analyst,69049.74,2021-08-26
5391,Ethan Hernandez,34,Canada,Engineering,Developer,113249.31,2023-10-13
5392,Ethan Davis,56,USA,Sales,Analyst,40050.41,2024-05-02
5393,Ethan Moore,59,UK,HR,Analyst,111775.11,2022-06-13
5394,Ava Taylor,48,UK,Sales,Consultant,46711.77,2023-03-29
5395,Daniel Anderson,46,USA,Marketing,Assistant,106356.83,2022-04-09
5396,Ethan Hernandez,47,Canada,Sales,Developer,44404.61,2019-07-15
5397,Lily Brown,54,Mexico,Finance,Manager,109640.24,2016-10-23
5398,Mason Anderson,53,Australia,HR,Consultant,103758.87,2018-10-14
5399,Lily Taylor,37,Mexico,Engineering,Consultant,124963.52,2018-07-18
5400,Lily Taylor,41,USA,HR,Analyst,110058.38,2019-12-28
5401,Ethan Davis,34,Brazil,Sales,Consultant,103402.27,2018-10-04
5402,Sophia Martinez,39,Germany,HR,Executive,123982.54,2020-12-14
5403,Ava Brown,32,Mexico,Engineering,Consultant,77157.11,2019-06-27
5404,Mia Wilson,29,Japan,Engineering,Manager,132241.99,2019-08-26
5405,Emma Moore,44,UK,Finance,Consultant,106457.9,2024-11-07
5406,Mason Hernandez,54,UK,Support,Developer,81358.32,2019-11-27
5407,Sophia Brown,37,USA,Support,Assistant,50280.57,2019-11-06
5408,Ava Taylor,28,Canada,Marketing,Executive,135027.02,2023-01-12
5409,Mason Anderson,28,USA,HR,Developer,129832.86,2022-06-20
5410,Ethan Hernandez,28,UK,Finance,Manager,51756.6,2017-05-18
5411,Mason Taylor,24,India,Support,Analyst,54939.31,2016-03-06
5412,Sophia Thomas,23,Canada,HR,Analyst,119333.37,2016-04-08
5413,Sophia Martinez,41,USA,HR,Executive,127316.38,2019-09-01
5414,Ava Anderson,45,Mexico,HR,Developer,45092.79,2022-03-13
5415,Logan Brown,44,Australia,Sales,Analyst,117180.28,2019-04-19
5416,Ethan Moore,39,Mexico,Finance,Analyst,137511.34,2024-10-01
5417,Ava Taylor,46,Brazil,Support,Analyst,101004.63,2022-03-09
5418,Daniel Hernandez,56,USA,Finance,Manager,60076.31,2020-06-20
5419,Daniel Davis,54,USA,Finance,Assistant,88841.88,2017-03-31
5420,Lucas Davis,33,USA,Marketing,Analyst,73521.08,2023-05-27
5421,Lucas Martinez,52,USA,Engineering,Analyst,112194.58,2025-01-14
5422,Daniel Moore,43,Brazil,Sales,Analyst,129716.32,2022-02-18
5423,Ava Wilson,55,USA,Finance,Consultant,36959.51,2015-11-08
5424,Daniel Thomas,25,Germany,Sales,Analyst,55364.9,2020-08-22
5425,Emma Taylor,27,Japan,HR,Manager,95736.36,2023-03-10
5426,Lucas Moore,60,Mexico,Finance,Manager,63533.47,2017-12-16
5427,Emma Hernandez,48,USA,Sales,Manager,146097.35,2023-10-25
5428,Ethan Martinez,53,India,Marketing,Executive,143944.48,2017-10-03
5429,Lily Jackson,32,Australia,Engineering,Executive,144956.75,2020-09-04
5430,Ethan Wilson,40,India,Marketing,Manager,81685.09,2020-02-09
5431,Ethan Anderson,58,Germany,Finance,Executive,86551.03,2018-05-06
5432,Logan Taylor,45,Brazil,Engineering,Assistant,148477.33,2015-06-17
5433,Logan Jackson,59,Brazil,Sales,Consultant,47051.01,2022-12-30
5434,Lily Jackson,46,Japan,HR,Executive,121372.72,2023-04-28
5435,Daniel Martinez,60,Canada,Marketing,Executive,100864.22,2023-09-15
5436,Lucas Martinez,31,Germany,Sales,Executive,105670.91,2015-06-12
5437,Emma Wilson,55,UK,Engineering,Manager,38386.93,2017-06-30
5438,Logan Anderson,53,India,Engineering,Executive,66675.88,2017-04-30
5439,Ethan Anderson,57,Germany,Sales,Assistant,103569.68,2024-03-22
5440,Lucas Brown,29,USA,Engineering,Executive,34345.2,2021-05-17
5441,Mason Moore,33,Australia,Marketing,Developer,55127.97,2015-11-07
5442,Lucas Jackson,25,UK,Sales,Executive,56881.13,2018-01-15
5443,Lucas Jackson,44,India,Finance,Analyst,149575.09,2017-02-17
5444,Mason Anderson,60,Germany,Support,Executive,74828.68,2023-02-18
5445,Logan Anderson,47,France,Marketing,Analyst,88937.01,2016-01-20
5446,Logan Moore,42,Brazil,Engineering,Manager,51593.62,2017-09-14
5447,Sophia Anderson,50,Australia,Sales,Manager,106851.62,2020-02-02
5448,Mia Taylor,30,Mexico,Sales,Assistant,51302.23,2017-09-04
5449,Ethan Martinez,47,India,Sales,Analyst,76284.67,2018-09-01
5450,Mason Anderson,32,USA,Marketing,Consultant,44041.35,2021-01-13
5451,Daniel Thomas,51,USA,Support,Analyst,73474.2,2016-03-09
5452,Logan Jackson,51,Germany,Finance,Developer,102959.0,2021-12-21
5453,Logan Hernandez,31,India,Marketing,Assistant,52941.25,2020-05-13
5454,Mia Taylor,58,Brazil,Engineering,Manager,63177.2,2015-03-17
5455,Emma Martinez,51,Japan,Engineering,Analyst,116827.84,2022-10-16
5456,Ava Thomas,32,UK,Engineering,Assistant,59659.31,2019-12-08
5457,Lily Martinez,55,Germany,Finance,Analyst,62452.55,2017-01-13
5458,Mason Thomas,24,Mexico,HR,Analyst,148917.17,2022-04-30
5459,Ethan Wilson,32,Germany,Finance,Consultant,105460.84,2017-10-21
5460,Mia Thomas,41,Australia,HR,Analyst,133625.1,2015-03-26
5461,Mason Brown,34,India,Sales,Executive,59427.51,2024-01-18
5462,Mason Taylor,30,Germany,Marketing,Analyst,39163.95,2021-04-24
5463,Ethan Davis,27,France,Support,Consultant,43796.54,2024-07-01
5464,Emma Brown,46,USA,Marketing,Analyst,106608.71,2024-05-02
5465,Lily Anderson,23,India,Sales,Consultant,113643.62,2020-01-20
5466,Mia Thomas,41,USA,Finance,Manager,82342.16,2021-04-27
5467,Logan Brown,29,France,Finance,Assistant,38397.21,2019-07-23
5468,Mia Martinez,55,Japan,Finance,Executive,122776.3,2023-08-24
5469,Mia Hernandez,42,Germany,Sales,Developer,69829.47,2021-12-05
5470,Emma Brown,54,France,Support,Analyst,73639.35,2015-10-05
5471,Logan Martinez,33,Mexico,Finance,Analyst,149188.41,2018-02-25
5472,Lucas Thomas,37,Canada,Engineering,Executive,89055.83,2016-11-23
5473,Logan Thomas,57,USA,Marketing,Consultant,45685.14,2021-07-07
5474,Sophia Wilson,41,Japan,Finance,Developer,41056.1,2019-10-20
5475,Daniel Brown,24,India,Finance,Manager,141464.49,2016-04-04
5476,Ethan Martinez,38,Mexico,Sales,Developer,104734.46,2024-08-21
5477,Mia Davis,47,Japan,Marketing,Analyst,74053.01,2022-12-14
5478,Daniel Martinez,43,Mexico,Engineering,Analyst,111698.3,2017-09-01
5479,Daniel Moore,47,Mexico,Marketing,Assistant,79061.11,2019-05-01
5480,Lily Taylor,59,USA,HR,Analyst,138836.56,2024-09-28
5481,Ethan Thomas,43,Mexico,Marketing,Assistant,109765.39,2024-10-13
5482,Lucas Martinez,53,Australia,HR,Consultant,83151.2,2021-06-29
5483,Ava Hernandez,50,India,Marketing,Manager,120289.91,2022-03-20
5484,Ethan Jackson,31,India,HR,Assistant,88652.88,2018-06-02
5485,Sophia Jackson,37,Mexico,Support,Consultant,103002.49,2024-05-11
5486,Sophia Taylor,27,Canada,HR,Analyst,43860.43,2018-07-07
5487,Emma Hernandez,38,Mexico,Engineering,Analyst,49546.28,2017-02-28
5488,Ethan Moore,34,Australia,Finance,Assistant,74219.53,2024-02-10
5489,Lucas Wilson,45,Japan,HR,Developer,55359.86,2016-03-24
5490,Sophia Martinez,56,Japan,Marketing,Executive,64902.54,2022-04-28
5491,Lucas Jackson,38,USA,Finance,Executive,30440.46,2019-02-23
5492,Sophia Brown,33,Japan,HR,Analyst,60288.96,2024-01-10
5493,Ethan Davis,47,Australia,Support,Consultant,120614.09,2023-06-27
5494,Lucas Anderson,52,Canada,Support,Consultant,61656.65,2018-10-25
5495,Daniel Jackson,27,UK,Support,Assistant,84069.77,2022-09-14
5496,Lucas Wilson,35,Australia,Support,Manager,136112.14,2017-01-27
5497,Mason Martinez,50,India,Finance,Manager,82003.63,2020-06-10
5498,Logan Davis,45,UK,HR,Executive,89241.22,2023-07-27
5499,Ethan Brown,46,Australia,Sales,Analyst,59065.82,2022-05-03
5500,Emma Taylor,26,Canada,HR,Assistant,48711.15,2017-08-30